repeated_times,Accuracy,Precision,Recall,F1
10,0.8706896551724139,0.13666666666666666,0.07952380952380952,0.09521367521367521
