repeated_times,Accuracy,Precision,Recall,F1
10,0.8663461538461539,0.5088888888888888,0.1849496336996337,0.24655069127339954
