repeated_times,Accuracy,Precision,Recall,F1
10,0.8119402985074627,0.5363344601734694,0.2715739745567332,0.3558636745923273
