repeated_times,Accuracy,Precision,Recall,F1
10,0.8801324503311256,0.6781318681318681,0.21499707980358135,0.3037990324953618
