repeated_times,Accuracy,Precision,Recall,F1
10,0.8587248322147651,0.6728275756754016,0.3965886894364338,0.4957387772006089
